ID,Spot name,Spot tag,Address,latitude,longitude,Spot name.1,Registrant,Updater,Registered Date,Updated date and time,Name,Capacity,Contact Number,Actual No. of Evacuees,No. of Male,No. of Female,Senior Citizens,No. of PWD,Type of Evacuation Center,Photos,Gallery Image,Gallery Metadata
1556,BATUAN EVAC,,"Q4JW+7RJ, Loay Interior Road, Batuan, Bohol, Philippines",9.7807127,124.14701,Evacuation Center,Batuan,Batuan,2026-04-28 10:43:55,2026-04-28 10:43:55,BATUAN CENTRAL ELEMENTARY SCHOOL,15,,0,0,0,0,0,Permanent,,,
1559,BATUAN EVAC,,"Q4JW+PXM, Loay Interior Road, Batuan, 6318 Bohol, Philippines",9.7818606856967,124.147430073528,Evacuation Center,Batuan,Batuan,2026-04-28 10:54:49,2026-04-28 10:54:49,MARK,100,,0,0,0,0,0,Permanent,,,
1558,BATUAN EVAC,,"Q5M3+FHM, Batuan, Bohol, Philippines",9.78367549520322,124.154026506152,Evacuation Center,Batuan,Batuan,2026-04-28 10:51:44,2026-04-28 10:52:37,MARK,50,,0,0,0,0,0,Permanent,,,
265,BUENAVISTA EVACUATION CENTER,,"Cangawa Buenavista Bohol, Philippines",10.0618488801815,124.113704723991,Evacuation Center,Calape,Buenavista,2025-03-17 14:25:38,2025-04-20 08:51:08,BUENAVISTA EVACUATION CENTER,100,9982812990.0,0,0,0,0,0,,,,
839,Calape Evacuation Center,,"VVGX+94 Calape, Bohol, Philippines",9.8759513026661,123.897797174561,Evacuation Center,Calape,Calape,2025-10-15 16:24:03,2026-03-05 13:16:46,Calape Evacuation Center,100 pax,9178912234.0,0,0,0,0,0,Permanent,,,
408,Catigbian Municipal Evacuation Center,,"Poblacion Weste, Catigbian, Bohol",9.85507168404797,124.001193168925,Evacuation Center,Catigbian,Catigbian,2025-07-08 17:45:40,2025-07-08 17:45:40,Catigbian Municipal Evacuation Center,50 families,9708126122.0,0,0,0,0,0,Permanent,1-1-1,embedded_1.jpeg,"[{""filename"": ""embedded_1.jpeg"", ""photo_no"": ""1-1-1"", ""photo_name"": ""Photos"", ""title"": null, ""date"": ""2025-07-08 17:45:40""}]"
1234,Dauis Evacuation,,"JVF7+5WF, Poblacion, Dauis, Bohol, Philippines",9.6228645,123.8648496,Evacuation Center,Dauis,Dauis,2026-03-05 15:49:02,2026-03-05 15:49:02,Poblacion Gymnasium,500,,0,0,0,0,0,Permanent,,,
1564,EVAC CENTER,,"Q4JW+PXM, Loay Interior Road, Batuan, 6318 Bohol, Philippines",9.78187526783987,124.147409732864,Evacuation Center,Batuan,Batuan,2026-04-28 13:53:22,2026-04-28 13:53:42,BATUAN GYM EVACUATION CENTER,100,9664551108.0,0,0,0,0,0,Permanent,,,
684,Evacuation Center,,"PW7Q+XWX, Canangcaan Barangay Hall Rd, Corella, Bohol, Philippines",9.71444729084179,123.940692206242,Evacuation Center,Corella,Corella,2025-09-22 10:30:49,2026-01-12 09:37:47,Canangcaan Evacuation Center,,,0,0,0,0,0,Temporary,,,
250,Evacuation Center,,"Poblacion, Corella, Bohol",9.68803105106773,123.920007594858,Evacuation Center,Corella,Corella,2025-03-03 10:11:38,2026-01-12 09:38:48,Poblacion Evacuation,30 Families,,0,0,0,0,0,Temporary,,,
273,Evacuation Center,,No address provided,9.68959719158886,123.907080619574,Evacuation Center,Corella,Corella,2025-03-26 08:32:39,2025-09-22 10:32:01,Anislag Evacuation Center,10 HH,9213000936.0,0,0,0,0,0,Temporary,,,
328,Evacuation Center,,"MWF8+Q7G, Provincial Rd, Baclayon, Bohol, Philippines",9.67445378746013,123.91584429586,Evacuation Center,Corella,Corella,2025-06-20 11:36:44,2025-09-22 10:32:55,Tanday Evacuation Center,,,0,0,0,0,0,Temporary,,,
329,Evacuation Center,,"MWCW+M8G, Poblacion-Cancatac-Albur Rd, Corella, 6337 Bohol, Philippines",9.6717801274604,123.945974205461,Evacuation Center,Corella,Corella,2025-06-20 11:38:30,2026-01-12 09:38:32,Cancatac Evacuation Center,,,0,0,0,0,0,Temporary,,,
256,Evacuation Center,,No address provided,9.69403854775553,123.936257462511,Evacuation Center,Corella,Corella,2025-03-06 09:55:21,2025-09-22 10:33:51,Canapnapan Evacuation Center,20 HH,,0,0,0,0,0,Temporary,,,
274,Evacuation Center,,"Sambog, Corella, Bohol",9.67530951122579,123.90308414464,Evacuation Center,Corella,Corella,2025-03-26 08:35:05,2026-01-09 14:44:34,Sambog Evacuation Center,15 HH,9352052511.0,0,0,0,0,0,Temporary,,,
683,Evacuation Center,,"MWXG+G2V, Marcelo Cuajao Rd, Corella, Bohol, Philippines",9.70094047643348,123.927582139287,Evacuation Center,Corella,Corella,2025-09-22 10:27:51,2026-01-12 09:38:05,Pandol Evacuation Center,,,0,0,0,0,0,Temporary,,,
1566,GYM EVAC,,POB NORTE BATUAN BOHOL,9.7809191823076,124.1478871032,Evacuation Center,Batuan,Batuan,2026-04-28 13:57:13,2026-04-28 13:57:13,BATUAN EVAC,100,9664551108.0,100,50,50,0,0,Permanent,,,
266,INABANGA EC,,"U-OG, INABANGA, BOHOL",9.9590014905764,124.30597741093,Evacuation Center,Inabanga,Inabanga,2025-03-17 16:47:22,2025-03-17 16:47:22,UUES EC,40 pax,9381946083.0,0,0,0,0,0,,,,
449,Loboc Municipal Evacuation Center,,Gotozon Loboc,9.65519796250179,124.030249159112,Evacuation Center,Loboc,Loboc,2025-07-16 13:45:25,2025-07-16 13:45:25,Loboc Municipal Evacuation Center,500-1000 Families,,0,0,0,0,0,Permanent,"1-2-1, 1-2-2, 1-2-3, 1-2-4, 1-2-5, 1-2-6",embedded_2.jpeg | embedded_3.jpeg | embedded_4.jpeg | embedded_5.jpeg | embedded_6.jpeg | embedded_7.jpeg,"[{""filename"": ""embedded_2.jpeg"", ""photo_no"": ""1-2-1"", ""photo_name"": ""Photos"", ""title"": null, ""date"": ""2025-07-16 13:45:25""}, {""filename"": ""embedded_3.jpeg"", ""photo_no"": ""1-2-2"", ""photo_name"": ""Photos"", ""title"": null, ""date"": ""2025-07-16 13:45:25""}, {""filename"": ""embedded_4.jpeg"", ""photo_no"": ""1-2-3"", ""photo_name"": ""Photos"", ""title"": null, ""date"": ""2025-07-16 13:45:25""}, {""filename"": ""embedded_5.jpeg"", ""photo_no"": ""1-2-4"", ""photo_name"": ""Photos"", ""title"": null, ""date"": ""2025-07-16 13:45:25""}, {""filename"": ""embedded_6.jpeg"", ""photo_no"": ""1-2-5"", ""photo_name"": ""Photos"", ""title"": null, ""date"": ""2025-07-16 13:45:25""}, {""filename"": ""embedded_7.jpeg"", ""photo_no"": ""1-2-6"", ""photo_name"": ""Photos"", ""title"": null, ""date"": ""2025-07-16 13:45:25""}]"
1217,Panglao Evacuation Center,,"Bolod, Panglao, Bohol",9.57041648414573,123.787891047593,Evacuation Center,Panglao,Panglao,2026-03-04 13:50:40,2026-03-04 13:50:40,Panglao Evacuation Center,,,0,0,0,0,0,Permanent,,,
1216,Pilar Municipal EC,,"R8RQ+54F, Sierra Bullones - Malinao Dam - Pilar Rd, Pilar, Bohol, Philippines",9.84104613207,124.337815909818,Evacuation Center,Pilar ,Pilar ,2026-03-04 13:47:21,2026-03-04 13:47:21,Pilar Municipal EC,,,0,0,0,0,0,Permanent,,,
306,Tagbilaran City Evacuation Center,,"MV5F+6PJ, Tagbilaran City, Bohol, Philippines",9.6579705052829,123.8741383329,Evacuation Center,Tagbilaran City,Tagbilaran City,2025-06-10 09:18:13,2025-06-10 09:18:13,Tagbilaran City Evacuation Center,60,911.0,0,0,0,0,0,,,,
1561,Trinidad Central I ,,"38JV+GG6, Trinidad, Bohol, Philippines",10.0812924859532,124.343479401275,Evacuation Center,Trinidad,Trinidad,2026-04-28 13:11:12,2026-04-28 13:11:12,Trinidad Central I Evacuation Center,100 Families,,0,0,0,0,0,Permanent,,,
249,Trinidad Municipal Evacuation Center,Trinidad Municipal Evacuation Center,"389P+8J5, Trinidad, Bohol, Philippines",10.0679950403326,124.336278511169,Evacuation Center,Trinidad,Trinidad,2025-02-28 11:48:27,2025-07-07 15:03:39,Trinidad Municipal Evacuation Center,50 Families,,0,0,0,0,0,Permanent,,,
309,lgu clarin,clarin,"Central Nautical Hwy, Clarin, Bohol, Philippines",9.96188258912079,124.044981795573,Evacuation Center,Clarin,Clarin,2025-06-11 09:59:46,2025-06-11 09:59:46,evacuation center,100,9977480294.0,100,40,40,10,10,Permanent,,,
